,Estimated %,Ground Truth %,Lower 95% CI,Upper 95% CI,Abs Error (pp)
Google_Ads,33.8,29.411764705882355,19.7,48.3,4.4
Meta_Ads,14.5,23.529411764705884,1.6,28.9,9.0
Instagram_Organic,13.5,11.764705882352942,0.6,36.3,1.7
Email,38.1,35.294117647058826,12.4,64.0,2.8
