Channel,Last-Click,First-Click,Linear,Time-Decay,Markov,Shapley,Ground Truth
Google_Ads,17.98234552332913,20.226986128625473,18.8940130907344,18.759501471004086,19.920953002426096,18.328644336954753,25.0
Meta_Ads,20.42875157629256,29.583858764186633,25.105026121419566,24.104951302229406,31.465564857623274,18.708422518560926,20.0
Instagram_Organic,10.996216897856243,25.573770491803277,18.46769350867711,16.95372359606605,25.65392873339895,14.584066054708783,10.0
Email,30.945775535939468,9.886506935687263,20.397105626613822,22.536818344242203,8.586964766336799,28.512757399755202,30.0
Direct,19.646910466582597,14.728877679697353,17.136161652555092,17.64500528645826,14.37258864021487,19.866109690020316,15.0
